Workbook

Sheet ULB_Wise_Report_22 October 2026
A1: SNo | B1: ULB Name | C1: Houses Sanctioned | D1: Houses at Foundation | E1: Houses at Lintel | F1: Houses at Roof | G1: Houses Completed | H1: Houses Grounded
A2: 8 | B2: Araria, Municipality | C2: =VLOOKUP(B2:B260,Sheet4!A:B,2,0) -> 207 | D2: 79 | E2: 26 | F2: 1 | G2: 0 | H2: 106
A3: 85 | B3: Forbesganj, Municipality | C3: =VLOOKUP(B3:B261,Sheet4!A:B,2,0) -> 109 | D3: 21 | E3: 73 | F3: 8 | G3: 1 | H3: 104
A4: 121 | B4: JOGABANI, MUNICIPALITY | C4: =VLOOKUP(B4:B262,Sheet4!A:B,2,0) -> 659 | D4: 108 | E4: 437 | F4: 31 | G4: 2 | H4: 586
A5: 122 | B5: Jokihat, Town Panchayat | C5: =VLOOKUP(B5:B263,Sheet4!A:B,2,0) -> 249 | D5: 12 | E5: 212 | F5: 1 | G5: 1 | H5: 239
A6: 181 | B6: NARPATGANJ, TOWN PANCHAYAT | C6: =VLOOKUP(B6:B264,Sheet4!A:B,2,0) -> 543 | D6: 175 | E6: 309 | F6: 1 | G6: 0 | H6: 490
A7: 211 | B7: Raniganj, Town Panchayat | C7: =VLOOKUP(B7:B265,Sheet4!A:B,2,0) -> 732 | D7: 359 | E7: 114 | F7: 0 | G7: 0 | H7: 593
A8: 11 | B8: Arwal, Municipality | C8: =VLOOKUP(B8:B266,Sheet4!A:B,2,0) -> 229 | D8: 34 | E8: 59 | F8: 25 | G8: 3 | H8: 121
A9: 146 | B9: Kurtha, Town Panchayat | C9: =VLOOKUP(B9:B267,Sheet4!A:B,2,0) -> 42 | D9: 12 | E9: 28 | F9: 2 | G9: 0 | H9: 42
A10: 14 | B10: Aurangabad, Municipality | C10: =VLOOKUP(B10:B268,Sheet4!A:B,2,0) -> 221 | D10: 20 | E10: 141 | F10: 51 | G10: 0 | H10: 213
A11: 35 | B11: Barun, Town Panchayat | C11: =VLOOKUP(B11:B269,Sheet4!A:B,2,0) -> 604 | D11: 119 | E11: 223 | F11: 14 | G11: 0 | H11: 356
A12: 71 | B12: DAUDNAGAR, MUNICIPALITY | C12: =VLOOKUP(B12:B270,Sheet4!A:B,2,0) -> 1309 | D12: 47 | E12: 1076 | F12: 6 | G12: 0 | H12: 1132
A13: 73 | B13: Deo, Town Panchayat | C13: =VLOOKUP(B13:B271,Sheet4!A:B,2,0) -> 161 | D13: 20 | E13: 116 | F13: 2 | G13: 0 | H13: 138
... A260: 194 | B260: Patepur, Town Panchayat | C260: =VLOOKUP(B260:B518,Sheet4!A:B,2,0) -> 693 | D260: 265 | E260: 325 | F260: 24 | G260: 1 | H260: 624
B261: Total | C261: =SUM(C2:C260) -> 175235 | D261: =SUM(D2:D260) -> 40916 | E261: =SUM(E2:E260) -> 77763 | F261: =SUM(F2:F260) -> 5661 | G261: =SUM(G2:G260) -> 488 | H261: =SUM(H2:H260) -> 131963

Sheet Sheet4
A1: AKBARNAGAR, TOWN PANCHAYAT | B1: 420
A2: ALAMNAGAR, TOWN PANCHAYAT | B2: 2023
A3: ALAULI, TOWN PANCHAYAT | B3: 611
A4: AMARPUR, TOWN PANCHAYAT | B4: 468
A5: AMDABAD, TOWN PANCHAYAT | B5: 377
A6: AMOUR, TOWN PANCHAYAT | B6: 815
A7: ANDAR, TOWN PANCHAYAT | B7: 107
A8: ARARIA, MUNICIPALITY | B8: 207
A9: ARERAJ, TOWN PANCHAYAT | B9: 329
A10: ARRAH, MUNICIPAL CORPORATION | B10: 161
A11: ARWAL, MUNICIPALITY | B11: 229
A12: ASARGANJ, TOWN PANCHAYAT | B12: 161
... A259: YOGAPATTI, TOWN PANCHAYAT | B259: 415

Sheet Grounded
A1: Physical status of Houses under PMAY(U)-2.0
A2: SNo | B2: ULB Name | C2: Houses Sanctioned | D2: Houses at Foundation | E2: Houses at Lintel | F2: Houses at Roof | G2: Houses Completed | H2: Houses Grounded | I2: Houses to be Grounded
A3: 1 | B3: Bodh Gaya, Municipality | C3: 4137 | D3: 691 | E3: 1008 | F3: 133 | G3: 0 | H3: 1956 | I3: =C3-H3 -> 2181
A4: 2 | B4: Sitamarhi, Municipal Corporation | C4: 3691 | D4: 600 | E4: 916 | F4: 2 | G4: 0 | H4: 1518 | I4: =C4-H4 -> 2173
A5: 3 | B5: Madhubani, Municipal Corporation | C5: 2417 | D5: 96 | E5: 497 | F5: 25 | G5: 1 | H5: 619 | I5: =C5-H5 -> 1798
A6: 4 | B6: Alamnagar, Town Panchayat | C6: 2023 | D6: 48 | E6: 493 | F6: 4 | G6: 0 | H6: 600 | I6: =C6-H6 -> 1423
A7: 5 | B7: Mirganj, Municipality | C7: 2081 | D7: 356 | E7: 532 | F7: 6 | G7: 0 | H7: 899 | I7: =C7-H7 -> 1182
A8: 6 | B8: Banmankhi Bazar, Municipality | C8: 1397 | D8: 66 | E8: 156 | F8: 0 | G8: 0 | H8: 228 | I8: =C8-H8 -> 1169
A9: 7 | B9: Sursand, Town Panchayat | C9: 1416 | D9: 61 | E9: 210 | F9: 13 | G9: 0 | H9: 307 | I9: =C9-H9 -> 1109
A10: 8 | B10: Chakia, Municipality | C10: 1188 | D10: 2 | E10: 133 | F10: 10 | G10: 0 | H10: 146 | I10: =C10-H10 -> 1042
A11: 9 | B11: Madhepura, Municipality | C11: 1254 | D11: 148 | E11: 76 | F11: 4 | G11: 0 | H11: 232 | I11: =C11-H11 -> 1022
A12: 10 | B12: Bihariganj, Town Panchayat | C12: 1648 | D12: 340 | E12: 290 | F12: 0 | G12: 0 | H12: 652 | I12: =C12-H12 -> 996
A13: 11 | B13: Imamganj, Town Panchayat | C13: 1532 | D13: 59 | E13: 551 | F13: 2 | G13: 0 | H13: 616 | I13: =C13-H13 -> 916
A14: 12 | B14: Musri Gharari, Town Panchayat | C14: 1569 | D14: 41 | E14: 474 | F14: 138 | G14: 0 | H14: 655 | I14: =C14-H14 -> 914
... A261: 259 | B261: Mahnar Bazar, Municipality | C261: 60 | D261: 11 | E261: 43 | F261: 2 | G261: 1 | H261: 60 | I261: =C261-H261 -> 0
B262: Total | C262: =SUM(C3:C261) -> 175235 | D262: =SUM(D3:D261) -> 40916 | E262: =SUM(E3:E261) -> 77763 | F262: =SUM(F3:F261) -> 5661 | G262: =SUM(G3:G261) -> 488 | H262: =SUM(H3:H261) -> 131175 | I262: =C262-H262 -> 44060

Sheet lintel
A1: Physical status of Houses at Lintel Level under PMAY(U)-2.0
A2: SNo | B2: ULB Name | C2: Houses Sanctioned | D2: Houses Grounded | E2: Houses at Lintel | F2: Houses at Foundation | G2: Houses at Lintel | H2: Houses at Roof | I2: Houses Completed | J2: Houses to be Lintel
A3: 1 | B3: Udakishunganj, Municipality | C3: 3794 | D3: 3658 | E3: 1891 | F3: 1596 | G3: 1867 | H3: 24 | I3: 0 | J3: =D3-E3 -> 1767
A4: 2 | B4: Siwan, Municipality | C4: 3275 | D4: 3169 | E4: 1496 | F4: 1611 | G4: 1372 | H4: 124 | I4: 0 | J4: =D4-E4 -> 1673
A5: 3 | B5: Saharsa, Municipal Corporation | C5: 5224 | D5: 5109 | E5: 3761 | F5: 1339 | G5: 3701 | H5: 3 | I5: 57 | J5: =D5-E5 -> 1348
A6: 4 | B6: Motihari, Municipal Corporation | C6: 1958 | D6: 1664 | E6: 417 | F6: 970 | G6: 399 | H6: 18 | I6: 0 | J6: =D6-E6 -> 1247
A7: 5 | B7: Nokha, Municipality | C7: 2328 | D7: 1477 | E7: 578 | F7: 778 | G7: 568 | H7: 10 | I7: 0 | J7: =D7-E7 -> 899
A8: 6 | B8: Pauakhali, Town Panchayat | C8: 1345 | D8: 1142 | E8: 282 | F8: 843 | G8: 267 | H8: 15 | I8: 0 | J8: =D8-E8 -> 860
A9: 7 | B9: Bodh Gaya, Municipality | C9: 4137 | D9: 1956 | E9: 1141 | F9: 691 | G9: 1008 | H9: 133 | I9: 0 | J9: =D9-E9 -> 815
A10: 8 | B10: Jankinagar, Town Panchayat | C10: 1360 | D10: 1072 | E10: 272 | F10: 654 | G10: 272 | H10: 0 | I10: 0 | J10: =D10-E10 -> 800
A11: 9 | B11: Bihat, Municipality | C11: 1933 | D11: 1733 | E11: 977 | F11: 335 | G11: 851 | H11: 124 | I11: 2 | J11: =D11-E11 -> 756
A12: 10 | B12: Simri Bakhtiyarpur, Town Panchayat | C12: 1902 | D12: 1735 | E12: 1003 | F12: 722 | G12: 962 | H12: 41 | I12: 0 | J12: =D12-E12 -> 732
A13: 11 | B13: Shahpur Patori, Municipality | C13: 2220 | D13: 2033 | E13: 1303 | F13: 534 | G13: 1298 | H13: 5 | I13: 0 | J13: =D13-E13 -> 730
A14: 12 | B14: Nauhatta, Town Panchayat | C14: 1401 | D14: 1203 | E14: 478 | F14: 663 | G14: 478 | H14: 0 | I14: 0 | J14: =D14-E14 -> 725
... A261: 259 | B261: Rafiganj, Town Panchayat | C261: 36 | D261: 36 | E261: 34 | F261: 2 | G261: 23 | H261: 10 | I261: 1 | J261: =D261-E261 -> 2
B262: Total | C262: =SUM(C3:C261) -> 175235 | D262: =SUM(D3:D261) -> 131175 | E262: =SUM(E3:E261) -> 83912 | F262: =SUM(F3:F261) -> 40916 | G262: =SUM(G3:G261) -> 77763 | H262: =SUM(H3:H261) -> 5661 | I262: =SUM(I3:I261) -> 488 | J262: =SUM(J3:J261) -> 47263
